zone,total_trips,mean_trips_per_hour,n_hours,first_hour,last_hour,share_pct
Merkato,286366.0,40.619290780141846,7050,2025-01-01,2025-10-31 23:00:00,12.045029531491986
Bole,278810.0,39.40777385159011,7075,2025-01-01,2025-10-31 23:00:00,11.727211623151074
Megenagna,271694.0,38.46722355939403,7063,2025-01-01,2025-10-31 23:00:00,11.427900845523503
Kazanchis,225140.0,31.848917810157023,7069,2025-01-01,2025-10-31 23:00:00,9.469762292730652
Piassa,200354.0,28.322589765337856,7074,2025-01-01,2025-10-31 23:00:00,8.427221970319609
Lideta,200207.0,28.293810062182025,7076,2025-01-01,2025-10-31 23:00:00,8.421038906194925
CMC,183874.0,25.94525186962043,7087,2025-01-01,2025-10-31 23:00:00,7.734045801783583
Gerji,171855.0,24.369682359614295,7052,2025-01-01,2025-10-31 23:00:00,7.228506701684402
Kolfe,163398.0,23.104920814479637,7072,2025-01-01,2025-10-31 23:00:00,6.872791237041854
Sarbet,154095.0,21.820305862361938,7062,2025-01-01,2025-10-31 23:00:00,6.481491607436838
Arat Kilo,145380.0,20.571671147587377,7067,2025-01-01,2025-10-31 23:00:00,6.11492423433056
Ayat,96289.0,17.981139122315593,5355,2025-03-15,2025-10-31 23:00:00,4.050075248311014
