zone,weekday_mean,weekend_mean,weekend_to_weekday
Bole,36.12393753706266,47.648313492063494,1.3190232499759194
Gerji,23.81228939544103,25.770802192326855,1.0822479839868229
Kolfe,22.62018566067549,24.3265306122449,1.0754346130118568
CMC,25.405442713468744,27.303075396825395,1.0746939427412778
Sarbet,21.378976486860303,22.936531734132934,1.072854528289973
Ayat,17.637990002630886,18.820463320463322,1.067041273844472
Merkato,42.05962757527734,36.98751248751249,0.8794065620603297
Lideta,29.838339920948616,24.4171626984127,0.8183150524828672
Megenagna,40.604393429645754,33.09452736318408,0.8150479435316812
Kazanchis,37.04331487341772,18.80228514654744,0.5075756640785936
Piassa,33.129911154985194,16.202588352414136,0.4890622337203601
Arat Kilo,24.07566179375741,11.725187032418953,0.48701411129887123
