date,dow,holiday_trips,baseline_trips,index
2025-01-07,1,4805.0,6632.0,0.7245174909529554
2025-04-18,4,6248.0,8119.5,0.7695055114231172
2025-06-06,4,6998.0,8796.0,0.7955889040472942
2025-09-04,3,7606.0,9210.2,0.8258235434626826
2025-09-11,3,7783.0,9362.0,0.8313394573809015
2025-03-31,0,6275.0,7394.833333333333,0.8485654398341185
2025-05-28,2,6914.0,8059.666666666667,0.8578518549154225
2025-05-01,3,6611.0,7682.166666666667,0.860564510880177
2025-05-05,0,6241.0,6619.333333333333,0.9428441937758083
2025-04-20,6,6059.0,6369.666666666667,0.9512271704432466
2025-09-27,5,8451.0,8758.166666666666,0.9649279719880494
2025-01-19,6,5292.0,5241.0,1.009730967372639
2025-03-02,6,5736.0,5391.166666666667,1.0639626549602745
