zone,first_hour,last_hour,n_missing_hours,n_gap_periods,longest_gap_hours
Merkato,2025-01-01,2025-10-31 23:00:00,108,66,42.0
Sarbet,2025-01-01,2025-10-31 23:00:00,107,66,42.0
Kazanchis,2025-01-01,2025-10-31 23:00:00,102,61,42.0
CMC,2025-01-01,2025-10-31 23:00:00,100,59,42.0
Megenagna,2025-01-01,2025-10-31 23:00:00,100,59,42.0
Kolfe,2025-01-01,2025-10-31 23:00:00,100,59,42.0
Bole,2025-01-01,2025-10-31 23:00:00,100,59,42.0
Gerji,2025-01-01,2025-10-31 23:00:00,97,55,42.0
Piassa,2025-01-01,2025-10-31 23:00:00,97,55,42.0
Arat Kilo,2025-01-01,2025-10-31 23:00:00,95,54,42.0
Lideta,2025-01-01,2025-10-31 23:00:00,94,53,42.0
Ayat,2025-03-15,2025-10-31 23:00:00,86,45,42.0
