feature,importance
hour,16.387823340757972
zone,5.621350073088774
trips_lag_168h,4.124316070503735
dow,3.056637287109174
trips_roll_mean_24h,1.713276346954828
trips_roll_mean_168h,0.8811426705227792
rain_mm,0.28010105899696924
event_attendance_nearby,0.14554813739841244
hours_since_football,0.08137545372111532
temp_c,0.05420053371492095
hours_to_next_football,0.02044048166101753
humidity_pct,0.01891644964279493
is_concert_window,0.016921159859053958
is_road_closure,0.005743374451146366
in_event_window,0.0033225610401608208
rain_class,0.0025299116689350143
month,0.0
is_weekend,0.0
week_index,0.0
is_public_holiday,0.0
n_events_overlapping,-0.0008104311498353667
is_football_window,-0.0031017735103446853
is_payday_window,-0.006074320814745349
wind_kmh,-0.014893614714106107
rain_last_3h,-0.015374149881447252
