zone,hour,trips
Arat Kilo,0,3.2028985507246377
Arat Kilo,1,2.8714285714285714
Arat Kilo,2,3.182242990654206
Arat Kilo,3,3.2122641509433962
Arat Kilo,4,3.119047619047619
Arat Kilo,5,5.091346153846154
Arat Kilo,6,13.75233644859813
Arat Kilo,7,33.910377358490564
Arat Kilo,8,48.25118483412322
Arat Kilo,9,35.760765550239235
Arat Kilo,10,16.36190476190476
Arat Kilo,11,14.334905660377359
Arat Kilo,12,24.24056603773585
Arat Kilo,13,32.36666666666667
Arat Kilo,14,29.758454106280194
Arat Kilo,15,27.242990654205606
Arat Kilo,16,39.166666666666664
Arat Kilo,17,57.301886792452834
Arat Kilo,18,62.14485981308411
Arat Kilo,19,51.36842105263158
Arat Kilo,20,34.32535885167464
Arat Kilo,21,20.804651162790698
Arat Kilo,22,10.445497630331754
Arat Kilo,23,5.152380952380953
Ayat,0,4.427672955974843
Ayat,1,3.2
Ayat,2,2.7875
Ayat,3,3.089171974522293
Ayat,4,5.30379746835443
Ayat,5,13.245283018867925
Ayat,6,26.53125
Ayat,7,36.3375
Ayat,8,30.41830065359477
Ayat,9,17.993548387096773
Ayat,10,15.49367088607595
Ayat,11,15.49375
Ayat,12,15.675
Ayat,13,16.346153846153847
Ayat,14,14.7125
Ayat,15,14.49056603773585
Ayat,16,17.78481012658228
Ayat,17,26.173076923076923
Ayat,18,33.34394904458599
Ayat,19,35.94409937888199
Ayat,20,30.490683229813666
Ayat,21,21.943396226415093
Ayat,22,14.8
Ayat,23,7.49375
Bole,0,15.624413145539906
Bole,1,12.502347417840376
Bole,2,10.682464454976303
Bole,3,14.309859154929578
Bole,4,27.64423076923077
Bole,5,50.44600938967136
Bole,6,58.338095238095235
Bole,7,50.90654205607477
Bole,8,42.60189573459716
Bole,9,36.23004694835681
Bole,10,30.79047619047619
Bole,11,32.009756097560974
Bole,12,36.16346153846154
Bole,13,40.76303317535545
Bole,14,38.540284360189574
Bole,15,31.943396226415093
Bole,16,31.412322274881518
Bole,17,36.09004739336493
Bole,18,46.01442307692308
Bole,19,53.800947867298575
Bole,20,54.29577464788732
Bole,21,47.54368932038835
Bole,22,38.77251184834123
Bole,23,29.95754716981132
CMC,0,5.971698113207547
CMC,1,4.497630331753554
CMC,2,4.109004739336493
CMC,3,4.497630331753554
CMC,4,7.423809523809524
CMC,5,19.187793427230048
CMC,6,38.705607476635514
CMC,7,55.5781990521327
CMC,8,44.40654205607477
CMC,9,26.95774647887324
CMC,10,20.928229665071772
CMC,11,22.246376811594203
CMC,12,23.537383177570092
CMC,13,22.144927536231883
CMC,14,20.42924528301887
CMC,15,20.13270142180095
CMC,16,26.41747572815534
CMC,17,37.193396226415096
CMC,18,47.12206572769953
CMC,19,49.89099526066351
CMC,20,43.779342723004696
CMC,21,32.306603773584904
CMC,22,19.892018779342724
CMC,23,11.459715639810426
Gerji,0,5.710280373831775
Gerji,1,4.339712918660287
Gerji,2,3.826923076923077
Gerji,3,4.246445497630332
Gerji,4,7.386792452830188
Gerji,5,17.95169082125604
Gerji,6,37.08530805687204
Gerji,7,48.81132075471698
Gerji,8,40.75480769230769
Gerji,9,25.597156398104264
Gerji,10,19.804761904761904
Gerji,11,20.66990291262136
Gerji,12,21.42654028436019
Gerji,13,21.120192307692307
Gerji,14,19.341346153846153
Gerji,15,19.11320754716981
Gerji,16,23.995283018867923
Gerji,17,34.325471698113205
Gerji,18,45.38785046728972
Gerji,19,47.08695652173913
Gerji,20,41.67619047619048
Gerji,21,30.2311320754717
Gerji,22,20.88995215311005
Gerji,23,10.530805687203792
Kazanchis,0,5.457142857142857
Kazanchis,1,4.802816901408451
Kazanchis,2,4.767772511848341
Kazanchis,3,4.742990654205608
Kazanchis,4,4.753554502369668
Kazanchis,5,7.815533980582524
Kazanchis,6,20.718446601941746
Kazanchis,7,53.764150943396224
Kazanchis,8,73.25238095238095
Kazanchis,9,51.431924882629104
Kazanchis,10,23.669856459330145
Kazanchis,11,21.64390243902439
Kazanchis,12,36.50961538461539
Kazanchis,13,49.431924882629104
Kazanchis,14,44.759433962264154
Kazanchis,15,41.0
Kazanchis,16,64.36320754716981
Kazanchis,17,93.13809523809523
Kazanchis,18,94.07655502392345
Kazanchis,19,77.41626794258373
Kazanchis,20,53.437209302325584
Kazanchis,21,32.568075117370896
Kazanchis,22,17.333333333333332
Kazanchis,23,7.906103286384977
Kolfe,0,5.632075471698113
Kolfe,1,4.313084112149533
Kolfe,2,4.019230769230769
Kolfe,3,4.242990654205608
Kolfe,4,6.856459330143541
Kolfe,5,16.78921568627451
Kolfe,6,35.56730769230769
Kolfe,7,47.221698113207545
Kolfe,8,39.014218009478675
Kolfe,9,23.687203791469194
Kolfe,10,18.549295774647888
Kolfe,11,20.154929577464788
Kolfe,12,20.56338028169014
Kolfe,13,20.68867924528302
Kolfe,14,18.43127962085308
Kolfe,15,17.876777251184834
Kolfe,16,23.66355140186916
Kolfe,17,33.22596153846154
Kolfe,18,42.46666666666667
Kolfe,19,43.717703349282296
Kolfe,20,38.83018867924528
Kolfe,21,29.05687203791469
Kolfe,22,18.962441314553992
Kolfe,23,9.833333333333334
Lideta,0,5.733333333333333
Lideta,1,5.73953488372093
Lideta,2,5.6201923076923075
Lideta,3,5.890995260663507
Lideta,4,7.004830917874396
Lideta,5,13.75943396226415
Lideta,6,31.55399061032864
Lideta,7,53.11374407582938
Lideta,8,55.14903846153846
Lideta,9,40.49047619047619
Lideta,10,33.14423076923077
Lideta,11,31.576190476190476
Lideta,12,35.161137440758296
Lideta,13,35.71904761904762
Lideta,14,34.99065420560748
Lideta,15,33.48341232227488
Lideta,16,43.97115384615385
Lideta,17,60.26442307692308
Lideta,18,67.40654205607477
Lideta,19,53.39903846153846
Lideta,20,32.03703703703704
Lideta,21,16.18867924528302
Lideta,22,8.751173708920188
Lideta,23,6.773584905660377
Megenagna,0,7.981220657276995
Megenagna,1,7.826291079812207
Megenagna,2,8.347619047619048
Megenagna,3,8.838095238095239
Megenagna,4,9.732394366197184
Megenagna,5,19.490384615384617
Megenagna,6,42.90384615384615
Megenagna,7,74.1159420289855
Megenagna,8,75.44392523364486
Megenagna,9,56.23004694835681
Megenagna,10,42.87793427230047
Megenagna,11,43.751196172248804
Megenagna,12,46.84057971014493
Megenagna,13,47.824644549763036
Megenagna,14,46.95754716981132
Megenagna,15,45.856459330143544
Megenagna,16,59.76777251184834
Megenagna,17,80.99514563106796
Megenagna,18,90.2132701421801
Megenagna,19,74.68599033816425
Megenagna,20,44.2688679245283
Megenagna,21,21.610576923076923
Megenagna,22,12.046728971962617
Megenagna,23,8.55607476635514
Merkato,0,4.087962962962963
Merkato,1,4.359813084112149
Merkato,2,4.190476190476191
Merkato,3,5.283720930232558
Merkato,4,8.062200956937799
Merkato,5,16.725490196078432
Merkato,6,44.13809523809524
Merkato,7,72.1611374407583
Merkato,8,71.85167464114832
Merkato,9,68.49038461538461
Merkato,10,78.64593301435407
Merkato,11,84.97156398104265
Merkato,12,88.74038461538461
Merkato,13,89.86666666666666
Merkato,14,86.4047619047619
Merkato,15,82.45238095238095
Merkato,16,70.28921568627452
Merkato,17,53.15865384615385
Merkato,18,34.421052631578945
Merkato,19,20.169811320754718
Merkato,20,11.2018779342723
Merkato,21,6.190697674418605
Merkato,22,4.830188679245283
Merkato,23,4.109004739336493
Piassa,0,4.771028037383178
Piassa,1,4.215311004784689
Piassa,2,3.9904306220095696
Piassa,3,4.071428571428571
Piassa,4,4.55023923444976
Piassa,5,6.70952380952381
Piassa,6,19.18483412322275
Piassa,7,48.25821596244131
Piassa,8,64.66028708133972
Piassa,9,48.345971563981045
Piassa,10,23.104265402843602
Piassa,11,19.287735849056602
Piassa,12,32.755868544600936
Piassa,13,43.961722488038276
Piassa,14,41.050925925925924
Piassa,15,39.066985645933016
Piassa,16,54.95673076923077
Piassa,17,78.92380952380952
Piassa,18,84.74528301886792
Piassa,19,69.32863849765258
Piassa,20,48.48792270531401
Piassa,21,28.2196261682243
Piassa,22,15.173708920187794
Piassa,23,7.525821596244131
Sarbet,0,5.014285714285714
Sarbet,1,3.557142857142857
Sarbet,2,3.7116279069767444
Sarbet,3,3.862559241706161
Sarbet,4,6.84037558685446
Sarbet,5,16.1875
Sarbet,6,34.774647887323944
Sarbet,7,44.821596244131456
Sarbet,8,36.60386473429951
Sarbet,9,22.3
Sarbet,10,17.911214953271028
Sarbet,11,18.33175355450237
Sarbet,12,19.09433962264151
Sarbet,13,18.938095238095237
Sarbet,14,17.862559241706162
Sarbet,15,16.589622641509433
Sarbet,16,21.21904761904762
Sarbet,17,30.422535211267604
Sarbet,18,40.29716981132076
Sarbet,19,42.70952380952381
Sarbet,20,36.56872037914692
Sarbet,21,29.167464114832537
Sarbet,22,17.44607843137255
Sarbet,23,9.04245283018868
