trial,min_samples_leaf,max_iter,max_depth,learning_rate,l2_regularization,rmse
7,40,350,10,0.08,1.0,10.15974023110378
3,40,350,8,0.12,0.1,10.20968277741732
4,20,350,8,0.12,1.0,10.230680845670761
5,20,250,10,0.12,1.0,10.266178792714092
8,10,350,8,0.12,0.1,10.274495423440964
1,10,350,10,0.05,0.0,10.638402283071414
12,40,150,10,0.08,1.0,10.801554456126997
11,10,150,10,0.08,0.0,10.901694267517911
6,20,250,8,0.05,1.0,10.904621801655454
10,40,250,6,0.08,0.1,10.947113452666505
2,10,350,6,0.05,0.0,11.086854584077935
9,10,150,8,0.05,0.0,11.688087211645913
