hour,rmse,mae
0,5.311036794931323,2.9013936266378297
1,3.5835308892931943,2.56559933234852
2,7.486103569714588,2.747119639430444
3,3.09768534006279,2.381138387035868
4,3.933934029307994,2.956097785281616
5,6.266643893925756,4.476944411163597
6,14.133392163690077,7.612330751846589
7,12.602038349677267,9.590854751676233
8,11.380770117897644,8.649694040292097
9,10.014458107531985,7.702501425178988
10,8.578677861123746,6.33012989996124
11,8.440260597479174,6.455856333305076
12,15.964784533888311,8.032476282255717
13,9.873179764459554,7.413931879224514
14,8.870791498139084,6.801402184798027
15,10.334414955949157,7.445440619944789
16,10.454636355774241,8.196198056850651
17,11.804786177992572,9.084933546043775
18,20.068855780164657,12.106137185222284
19,11.093387787857136,8.172987143912309
20,10.950758195136006,7.770730594640816
21,8.166915267003885,5.92243555492548
22,6.928943890734553,4.741830503630552
23,4.965901382980142,3.4837067935211796
