zone,rmse,mae,n
Merkato,13.544702969552286,8.206860644305099,328.0
Piassa,13.39360081373168,6.706240326625497,324.0
Megenagna,13.18926930949842,8.416414954289062,325.0
Kazanchis,13.147412347077616,8.177054689742171,331.0
Bole,11.090820591803363,7.810951091617568,320.0
Lideta,8.815292318461124,5.90906173362408,322.0
CMC,8.663014558601843,6.180815311340994,324.0
Arat Kilo,7.762603500996272,5.319405421014322,327.0
Kolfe,7.756945004465061,5.545024060599428,332.0
Gerji,7.273655758436541,5.4792053369059275,323.0
Sarbet,6.70073321819841,4.89642247277712,328.0
Ayat,5.9697484092584325,4.249309477383111,330.0
